aliquot_id,T_cells_CD8,T_cells_CD4,B_cells,NK_cells,Macrophage,Dendritic_cells,Mast_cells,Neutrophils,Eosinophils
39280,0.045795422,2.543054962,0.291459731,0.891840143,2.85828242,0.896126857,1.690595644,0,0.154633566
37840,0.319161546,0.850322332,4.492020513,0.421830056,0.825851748,1.194636607,0,0,0.015606191
32394,0.719303137,0.421242948,0.041191109,0,0.129920756,0.570313675,0.233536687,0,0.013174527
25921,0.367585416,1.82477353,0.734339734,0.954461604,2.742298606,0.685708546,0.315476743,0.012825988,0.013375813
25572,1.273692828,2.616574517,3.741260023,0.362340384,1.023377564,0.684905255,0.675175548,0,0
11004,2.118342711,4.539756266,0.54836234,1.052840114,3.495188057,0.921091198,0.412832676,0,0
11307,0.442743863,2.830006739,0,2.138786492,2.108436659,1.617039736,1.022641903,0,0
11698,1.213759509,1.52295962,0.662748851,0.489956745,2.459780441,0.439512238,0,0.037096717,0.037173727
12255,0,5.798399362,0.098702375,0.70337634,4.170311546,1.920242094,0.287372075,0,0
13009,0,2.864321081,0.155419348,0.912426249,2.061067995,2.693324168,1.158634797,0.016184052,0
13261,0,1.711529678,0.200380872,0.587234473,3.372894583,2.837389186,1.64479776,0.188436147,0
13269,2.641427939,0,2.191460749,1.203385504,1.729645852,0.806244702,0.059816013,0,0.109246038
13577,0.517288256,1.941141001,0.01384753,0.10972441,0.366067527,0.079425919,0.668190072,0,0.01367399
13268,2.211092029,2.777281075,0.001210667,1.232465917,7.077480639,0.089745191,0.576549056,0,0
13764,2.072886433,3.991342969,0,0.947840782,5.261303247,3.519472328,0.548389254,0,0
13904,0,0.814252923,0.266565409,0.126135883,1.852225745,2.411503966,0.134119501,0.122044767,0
13931,4.803512246,1.780904855,0.422326679,0.910342645,4.588956265,4.874403607,0.03699582,0.065284497,0
14231,0,3.933517903,0,1.677053852,11.41000105,0.42523252,0.53674264,0.409021211,0
13947,1.505590458,1.250715768,0.286769235,0.370778914,2.395575886,2.132788608,0.231935788,0.20454166,0.021349282
14232,1.976228595,4.870702221,0,1.860895028,11.85331783,1.412030214,0.482135436,0.072942195,0
14446,0,2.391490559,1.774266029,0.697738432,3.417134604,4.483326973,0.679822335,0.429731777,0
14498,0,2.067292325,0,0.675377581,2.762735279,1.246031635,0,0,0
14519,0.318520836,0.509656835,0.039403976,0.25593984,0.727050704,0.125837189,0.496712088,0,0.032286956
14891,2.67324723,3.649217305,0.168273409,0.504298466,0.904471382,0.471442265,1.137411962,1.034015226,0
15122,0.614684368,1.607589745,0.682077495,0.164574289,4.356940935,0.210717732,0.083986766,0.007034646,0
15227,0.803261285,5.475513364,2.258696501,0.789465211,13.51143199,0.199214701,0,0,0
15148,0.450780991,0.909800081,0.438893487,0.137776911,2.173652352,0.022904422,0.038142103,0,0
15123,0.672424568,0.907742412,0.125249879,0,3.928265276,0.288172902,0.436001796,0.002125919,0
15268,1.696254449,3.56182824,4.669988584,0.408434458,3.324341426,0.053738726,0.549906815,0,0
15844,1.197537732,6.527232853,2.959334235,1.338608029,6.344147963,0.016291926,0.397015845,0,0
16385,0.383122335,2.393664045,1.364207225,0.263008927,6.31603861,0,0.326168711,0,0
16500,1.445003993,5.092737568,1.339997784,0.761179872,3.864492724,0.356746844,0.657586061,0,0
16501,0.18983479,1.761816755,1.804273598,0.449188734,9.095139684,0,0.235036125,0,0
16689,2.091840757,7.280366071,1.935842749,1.486924843,12.07925724,2.225923031,0.759256581,0.743114091,0
16949,5.531985379,5.558522232,0.8084005,2.814291228,9.707440011,0.440483537,0.462845868,0,0
17584,0,0.600333426,0.420060413,0.221570457,2.141551937,0.077722984,0.658585947,0.006413164,0
17284,1.6462819,3.046133916,0.463629897,1.045863392,9.138600632,0.140380758,0.593913939,0,0
17557,0.276432424,2.660878539,0.918406903,0.210963963,6.737227234,0,1.588523337,0,0
17827,0,0.607047701,0.077039871,0.138561054,3.966174414,0.291111248,0.051783302,0,0
18154,0.032258584,1.71642513,0.148479671,0.300972401,1.225939781,1.628327404,0.953818012,0,0.063761662
18153,0.028739632,2.685153182,1.024203213,0.263729482,6.974224257,0.196528134,1.239503174,0.268434359,0
18228,0.377430472,1.582922777,0.333212978,0.466502722,7.703992868,0,0.753342438,0.112297585,0
18624,2.010961069,7.549092677,1.735173664,0.655780817,7.055134176,0.093090147,1.645592892,0,0
18568,0.208345974,0.774318062,0.004299654,0.13035058,2.374653054,0.432690968,0.061789936,0,0
18843,0.503987805,5.953647546,2.418952522,0.919272908,7.657301776,0.263034119,0.697260945,0,0
18625,0,3.712254621,0.448950208,0.757691819,8.189146018,0,0.113816283,0,0
18650,2.130632192,3.718640778,0.471042846,0.618509198,7.99872506,1.907153368,1.544258009,0,0.073310607
18844,0.337933655,1.713469163,0.580215376,0.06078181,7.365025737,0,1.006326251,0,0
18880,0.761899141,7.706795618,4.152553569,1.01859861,5.518584075,1.591447724,7.583533816,0.021831866,0
19512,0.48783046,3.166895008,0.920173108,0.608725129,4.50700812,0.178193771,0.235050409,0,0
19652,0.140347829,0.508273233,0.348523756,0,4.855224674,0.04763677,0.370864877,0,0.007006645
19661,0.358603762,0.313047593,0.542143604,0.341669467,3.344092949,0.232939127,0,0,0.027673711
19843,13.01444116,29.41293289,8.113641806,6.441321701,16.15075028,0,0.954923761,0,0
20034,2.058496555,5.933934507,1.312425465,1.088133489,4.52722512,1.798538309,0.118355545,0.027404491,0
20115,0.289530876,0.742979102,0.13342306,0.023011908,0.570737601,0.008601292,0.61730814,0,0.01874462
20794,1.579787383,3.845709383,3.162591529,1.747413696,10.6373623,0,0.68517501,0,0
20600,0.49404388,1.2491296,1.24566325,0.155862111,2.524483357,0,0.437662034,0,0
21186,0.483271093,2.341849597,0.150819942,0.318443758,8.005614932,0,0.790259266,0.082851149,0
21404,0.752929644,8.862248213,2.168172923,2.714570061,12.67495667,0,1.68546063,0,0
20801,0.114399652,16.28499288,2.647537051,1.873452132,13.5297046,0.845915372,6.380016032,0,0
20800,0.026959241,0,0.851397373,0.080963462,4.998224717,0.321911607,0.125849704,0,0
21098,2.48088638,8.287929331,7.741566249,0,8.581696444,0.236400839,3.539751382,0,0
21392,0,2.445783255,0.093232592,0.310820725,5.21983342,0.024303977,0.101080908,0,0
21347,0,12.17305522,6.925184238,4.57235301,9.776519882,0,0,0,0
21188,4.221888666,2.640552176,0.076290858,1.97813014,8.257341562,0.851598936,0.853404443,0,0
21516,0.943856272,1.867326922,1.28054036,0.227366897,5.992993147,0.231441339,0.347930638,0,0
21933,0.575384106,0.323094624,0.840990059,0.123483717,1.973512138,0.940042603,0.122398478,0,0
21720,4.134470863,9.224222933,2.347276323,2.469821257,7.783612697,1.224770078,0.704419953,0,0
22415,1.601454223,6.389325349,1.615196387,0.678593644,4.338048395,1.401860975,0.649013158,0,0
21932,0,2.266248991,0.022352356,0.088748879,1.971735661,0,2.871864428,0,0
21721,0,4.639687528,0.369585225,0.642757379,4.390178558,0.181201374,1.138258789,0.023052828,0.024203334
22254,1.251983839,2.576166635,0.833518861,0.798334006,7.885474219,0.193233718,1.100053301,0,0
21774,0.035854881,2.936011647,0.495156179,0.408883548,9.851063736,0,0.799374249,0,0
22186,0,1.796341343,0.52814504,0.478857386,9.316389154,0.173119217,0.224833511,0,0
22593,0.036416997,0,0.147665252,0,5.794282725,0.137517973,0,0,0.000976457
22595,0,0.248362179,0.235401781,0.033166675,4.350027443,0.332976226,0.055476829,0.02084318,0
22256,3.789264573,6.16713234,1.231147767,2.727093768,23.03607247,0,3.291114957,0,0
22244,3.365851168,7.982675978,1.691782982,1.787279503,7.259506421,0,0.349640608,0,0
22499,1.660474853,4.797270982,1.364776374,0.855268361,4.470048161,0,1.099897863,0,0
23344,0,0.370707216,0.463323676,0.006247273,3.410512905,0.128268966,0.228851896,0,0
22592,0.20592385,1.825793786,0.473400962,0.745982453,5.869286629,0,0.135339543,0,0
23238,0.470736567,2.91835164,1.567857932,0.217374018,3.30888917,0,2.045342966,0,0
22597,0.920985979,3.207731795,0.927919542,0.342468542,7.697051127,0.275306533,0.630453635,0,0
23162,4.241010193,14.05308074,12.51028332,5.817414139,8.162823081,0,0.774746987,0,0
23187,0.980242827,1.511571693,1.101238781,0.68824313,5.601361212,1.345934372,0.602314195,0,0
23205,0.318205372,3.181050017,0.401498128,0.10312983,9.413361273,1.957836136,0.991067864,0,0
23189,0.17404015,1.628004889,0.828591776,0.215741524,10.57669386,0.011530786,0.251323401,0,0
23239,2.565416252,7.831626372,2.821132049,0.944080937,4.518182844,0.535045583,0.176578623,0,0
23237,0.137851347,1.429074271,0.221059892,0.303720391,6.563622062,0,0.756957897,0,0
23315,0.145142858,3.362779713,2.147645315,0.592511232,12.85117366,0,0.921261304,0,0
23453,2.887577241,13.80648533,8.207985483,3.251842274,13.39695508,0.597096337,0.401290527,0,0
23675,0.255013602,1.687068663,0.353890297,0.174734695,3.558715633,0.057092589,0.462046445,0.088667799,0
23676,0,4.460231481,1.80087525,0.700915401,5.462091422,2.150528363,0.588202413,0,0.017220724
23401,0.955902695,2.547436039,1.164527039,0.345261861,4.577797976,0.50259613,0.554301289,0.151589038,0
23411,0.338511769,0.990965615,0.240251719,0.116719213,1.979768426,0.152743475,0.469345798,0,0
24176,1.784500883,6.338485805,4.513429238,0.619944714,7.578583202,0.562444595,0,0.026678062,0
23738,0,2.874997423,0.28059078,0.278557419,2.551199427,0,0.22799662,0,0.057599981
23454,3.296194969,11.76428652,1.641329395,0.30948796,5.93632546,0.316207047,1.423660393,0,0.206249882
23673,0.158851748,3.083671756,0.824463632,0.347971679,4.280664498,0.046955422,0.319155815,0,0
23674,3.17172451,8.845462605,3.438654916,2.049206622,10.1033036,0.975500312,1.516198129,0,0
23706,1.339469363,6.27631251,2.348888971,0.975945286,5.691908149,1.577289868,0.262346961,0,0
23739,2.256238711,5.429935602,0.713871816,2.181629658,5.921154841,0.190085878,0.825355192,0,0
23701,0.373730727,3.370571528,0,0.286397611,8.033077964,2.441099315,0.009077924,0,0.039437517
23737,1.077055505,6.667131635,3.19456918,1.227115798,5.635260325,0.17771,1.50570829,0,0
23764,1.605482161,5.297195573,2.423238458,0.77670707,11.48675056,0,0,0,0
23736,0.007162571,1.616339647,0.409543507,0.516421899,2.265977232,0.028435638,0.445560892,0.003405902,0
23802,7.911241691,14.66566048,8.386251234,3.143233287,17.44023477,0,0.993979858,0,0
24045,0.302663468,1.051598448,1.673114525,0.117099053,7.701775701,0.289661081,1.72232923,0,0
23805,4.164080438,3.833222485,0,3.176699777,6.834636079,3.939662994,1.466199074,0,0
23808,0.563190083,6.080091684,0.717435237,0.594769395,6.477487321,0.15919353,0.290769849,0.160002952,0
23940,0.537242609,1.90437636,0.258511399,0.352381746,5.428155786,0.429539934,0.439169103,0,0
24077,0,0.248321915,0.014962646,0.082786666,1.343788645,0.085069695,0.336341579,0.001133563,0
24229,0.333045092,2.97525782,3.760512734,0.285827563,5.781348498,0.11025588,1.119108113,0,0
24177,0.193015656,3.963380729,0.600147902,0.403067345,1.102739424,3.130178388,1.541029475,0,0.139605765
24243,0,1.60081038,0.279264935,0.099301848,2.05870243,0.320314384,0.646607354,0,0
24359,0.563597671,5.139155751,2.12957496,0.549159067,4.930049538,0.485068882,1.116055022,0,0
24294,10.6207733,4.380306788,0.103078116,3.094063887,10.05443323,3.077563611,2.465537819,0,0
24295,1.642594236,3.419945061,0,1.15570762,14.35531783,0.433462371,0.982916676,0,0
24363,8.658286633,0,0.33074288,14.5850929,4.572968742,0.640332734,3.265577104,0.224412259,0
24358,3.259807882,0.946156897,0.804883446,0.717775599,8.570602356,0.517549417,0.156549744,0,0
24464,0,3.122144683,0.081494115,1.168251693,5.742010411,2.49205773,0.150880561,0,0.106551566
24424,0.379444446,10.22410607,0,5.852355286,6.620770093,2.794068041,1.070136734,0.491658542,0
24423,0,4.994516826,0,1.263643695,7.238984813,5.060523264,0.622622132,0,0
24465,2.598792004,2.774630381,2.609125984,0.570030141,1.706589878,0.737927413,0.034593897,0.711332145,0
24550,2.01488487,3.898120348,1.340464465,0.789603013,3.103809238,1.305922335,1.355778771,0,0
24838,4.638328781,32.34415179,5.743464206,3.119600149,17.32669856,9.317049961,1.104517707,1.329297609,0
25027,0.861041158,0.276493966,0.699294388,1.258445084,4.071174932,0.07395649,0.360565175,0,0
25358,0,1.240783094,0,0.733725161,2.781430814,0.635228845,0.382821316,0,0
25134,7.458917436,7.861062563,12.21850237,2.187431228,7.475339388,0.043849446,0.704625696,0,0.345333581
25315,0,1.584082151,0.128020557,0.660913365,5.093570187,1.064934456,0.843827117,0.016969451,0.029540771
25352,4.309318849,1.531575098,0.10453065,1.718262769,8.298881147,0.464772155,0.749222474,0,0
25317,0.954565756,0.698338628,0.162893759,0.036163025,0.455531374,9.101353705,4.038260406,0.183412537,0.469477721
25318,3.501100674,5.068442417,0.878052974,3.807578942,5.413662447,2.745452531,0.971670856,0,0
25356,7.60767077,0.213853302,0.553391593,3.235748364,8.694323755,1.868926655,2.318061434,0,0
25438,2.902839739,1.396085293,1.726127664,1.280638028,10.13252272,0,0.715529185,0.070529659,0
25419,5.447660826,8.537776554,0,4.451002835,8.608116874,1.535803232,2.570625951,0,0
25559,0.377666685,3.307346131,0.207448453,0.846241343,0.592570988,0.157848486,0.166822542,0,0
25439,3.862437533,14.04725389,3.573798076,3.838749854,19.3293489,0.093851279,2.289656574,0,0
25500,1.028641048,1.28067243,0.959478139,0.16658995,1.655539164,0.156140069,1.410185096,0,0
25436,0,3.987162974,0.412348394,0.713015053,3.498070957,0.6052938,0.652133684,0,0
25483,0.192091812,1.942304418,0.305579479,0.496461283,2.650453405,0.063996533,0.089681684,0.017761129,0
25435,0,2.726553578,0.577160906,0.634014569,4.732873124,0.831110941,0.166278865,2.058478624,0
25440,0.646173074,1.742850022,0.348655225,0.492930602,1.897131441,0.412612677,1.100919932,0.214150753,0.123556422
25437,0.336988894,1.877558728,0.195941758,0.870803825,4.203008868,0,0.12390469,0.806414652,0.083768249
25424,3.01275662,6.836940151,2.544343213,0.869892826,2.794538579,0.613441036,0.102759839,0,0
25426,1.554372118,9.505499416,0.212540623,0.539522569,16.86890622,0.519486621,0.3909631,0,0
25484,0.431651621,2.546417497,0.48263579,0.7897515,1.013596529,0.169505664,0.384458561,0,0
25496,0,1.376051801,0.0545575,0.3681778,1.554673366,0.104929507,0.161843453,0,0.176720453
25593,0.192280798,2.891112963,0.432411076,0.724706488,3.725069603,0.005399151,0.046477775,0.061857639,0.33343912
25441,0.125152636,5.183061823,0.255315481,2.522265408,24.72871323,0.050880973,1.078974493,0,0
25535,0.128061126,2.90066972,0.986751067,0.560811159,1.247825806,0.406135594,0.367712906,0.075227705,0
25589,0.579610701,1.522183545,0.345790368,0.695001543,7.820072523,0,1.204141934,0,0
25658,0.044488806,0.370269274,0.006492077,0.195624526,0.704232233,0.005878234,0.044855574,0,0
25494,0.173849001,1.528455157,0.569518059,0.365565281,1.63756174,0.159150668,0,0,0
25497,0.516026269,9.193882328,4.684131892,2.436983718,6.45220665,0.173016664,1.584343472,0,0
25498,0.015365612,2.382102025,0.488667102,0.308823411,2.450226759,0.00321338,0.189154174,0.023538602,0
25582,1.302491109,4.895244693,0.409266629,1.400570336,2.340132879,0.459853667,0.730346287,0,0.381075801
25501,0,2.810367524,0.439679877,0.339839028,3.680974454,0,0.522080238,0,0
28132,0,1.781875048,0.258537249,0.33154149,3.305973272,0,1.223234726,0.184364422,0.004120525
25594,0.754830611,5.60519388,1.031999183,0.866667133,3.350327003,0.245133638,0.57144553,0,0
25590,1.674343666,6.190935661,0.471317858,2.134011066,5.649916374,0.350119979,0.711274414,0,0
25604,0.482830756,9.036785283,1.454257226,2.152988427,6.441820415,0.164151281,0.853077347,0.016606061,0
25603,0.124228457,3.714378658,0.482820744,0.315006953,1.397361535,0.396875155,0.139639418,0,0
25560,1.315004324,9.265345335,2.753172668,1.54081034,11.23359749,0.249317068,2.185679351,0,0.13325442
25583,5.078076045,31.40649474,13.6301056,6.960827869,11.76666223,0,0.984820639,0,0
25664,0.48390341,1.091116566,0.062613063,0.401464529,3.04838972,0.141461672,0.110664196,0,0
25662,0.193768384,2.795973175,0.445543291,0.636711269,2.768706532,0.204208757,0.24934608,0,0
25657,0,11.70870295,2.628333588,3.730298443,15.16967602,0.674924019,2.849502347,0,0
25965,0.224883878,2.096228385,0.153601305,0.413435661,6.783710773,0.065521014,0.142824084,0.228062039,0
25755,0,6.437407846,0,1.423572114,3.550684802,0.639471277,0,0,0
25719,0,0.368511475,0.029399905,0.339464552,0.747728179,0.116882845,0.325861152,0,0
25720,0,0.576420268,0.182333033,0.148765081,0.679558603,0.002982997,0.179637635,0,0
25721,0.297967598,2.882308077,0.170258074,0.769962758,2.860260434,0.25213977,0.240506907,0.03058323,0
25744,9.415439816,2.494694164,34.37471721,1.522910492,22.95080989,0,1.497559424,0,0
26066,4.929841935,3.203925506,14.21183773,0.932548161,22.96463987,0.022758473,1.922607684,0,0
25731,2.639710986,1.365132357,11.17009705,0.809615151,12.11926742,0,1.209991181,0,0
25722,2.760866663,0.480988601,23.01793856,1.034522467,8.965356129,0.965348272,0.117551174,0,0
25777,1.231058907,0.035862155,17.06519879,0.120913342,8.742906411,0,0.336624678,0,0
25768,5.289413104,1.417166376,12.8913559,1.497073134,15.34179236,0,1.229916144,0,0
25751,2.43225434,2.616489048,18.79044536,2.678584634,5.674493265,0.554490412,0.2182813,0,0
25752,0,1.114292283,0.002544178,0.333333588,0.405383417,0,0.456036858,0.060579987,0.016368457
25753,0.07485018,3.438944857,0.574571056,0.971652006,17.07644989,0,1.631944424,4.756111683,0
25766,0,1.691853864,0,0.045373753,2.371749901,0,1.88697252,0,0.119895916
25767,0.001797207,0.563622132,0.474415543,0.819148591,4.847330949,0,1.410004927,0.128527501,0.061100106
26054,0,0.784808467,0.082172851,0.291327219,3.463159712,0,0.305208368,0.06142082,0.092771152
25979,0,1.255573073,0.006111498,0.135837451,3.811090852,0.018170463,0.723982387,0.115703547,0.006775109
25901,0.616178512,0.912386635,0.032962435,0.715541504,1.482599862,0,0,0.13095073,0.039969719
25980,0.1443419,1.348930678,0.028980058,1.228243718,7.616494142,0,0.037761283,0.424853922,0
25966,1.047568452,2.732508866,0.306672416,0.251841324,4.227135673,0.024797249,1.050103066,0.724631828,0.044290919
25899,0,3.343564167,0,0.94440546,2.92492109,0.269899921,0.11966796,0,0.101752371
25923,0,2.570675781,0.123725369,0.79884181,2.467856674,0,0.515327176,0.15746604,0.024332589
25988,0.829221678,1.987491971,0.169490171,1.353188871,7.428256537,0.23684763,1.047364012,0.423956796,0
25816,0.474074613,2.056827788,1.300544936,0.307722124,12.10997495,0,0.085071665,0.037954495,0.061617534
25890,0.103711808,0.878805841,0.282328091,0.508550872,4.390626027,0,0.538320118,0.112825803,0.011793312
26052,0.167419952,3.977696432,0.024359787,0.521809517,5.789631686,0.206648557,1.951836886,0,0.023553506
25981,0,1.104368563,0.036150928,0.320584772,2.524348543,0.056989222,0.165917719,0,0
26051,0.471899574,3.999025571,0.089802303,1.117143601,10.28384745,0.248453069,0.627799171,0.174588879,0
25964,0.950775391,1.897541429,0.012390151,0.417990905,1.716210094,0,0,0.215322458,0.332732496
25982,0,2.325246168,0,0.46136052,1.276905941,0,1.019559763,0,0.175671766
26851,0.116638704,0.997560329,0.086188957,0.584093301,6.493629086,0,1.096878942,0.296026581,0
25902,0,1.605989769,0.065317899,0.633273211,3.57181765,0.071662393,0.150570183,0.113348805,0.010068913
25984,0.222476883,1.807008313,0.084230765,1.05781105,2.901823974,0.064817601,0.383676628,0.019953968,0.020747578
25989,0,2.468400899,0.041631716,0.42164581,4.926803968,0,0.089195776,0.539427598,0
25976,0,0.417763789,0.025448133,0.138856901,2.924713377,0,0.312614993,0.003649069,0
25958,0.46380267,0.755207961,0.254823235,0.187728847,4.133481205,0,0.19602554,0.091231228,0.203407177
25977,0,1.802456949,0.043007639,0.083248677,1.889415259,0,0.467980948,0,0.034212106
25962,0,1.076778858,0.022933174,0.377243726,2.598825631,0,0.011477546,0.052268185,0
26239,0.667716386,1.445521614,0.102727268,0.931259444,7.663881985,0.053392589,0.39361135,0.193078066,0
25959,0,1.145629945,0.010144018,0.500007391,4.028502759,0.072243162,0.938192853,0.025447223,0.023609149
25960,0.612784626,1.130649895,0.109622272,0.49620249,6.282365584,0,0.562666222,0.617178466,0
25961,0.272197747,0.885561327,0.0043522,0.226528659,4.69068969,0,0.114963466,0.03531939,0
26016,0.098941376,5.738857267,0.047869912,1.541093582,18.23026855,0.406118608,0.392009695,0,0
25990,1.092531746,3.620102747,1.635801895,0.810679282,1.473274634,0.631318148,0.62207321,0,0
26125,4.851306714,5.768556122,0.969025578,3.268298367,11.76356341,0,0.23876663,0,0
26017,0.391534265,3.804978629,0.232836328,0.699046785,10.92970273,2.520790112,1.048357278,0,0.238302135
26123,0.554720201,0.916529327,0.029090036,0.00212955,0.982973137,0.50884922,0.056333813,0.171066313,0
25991,0.304523945,3.133447028,0.39481739,0.789632426,6.768883208,1.070075586,0.669031712,0.084069917,0
26266,1.801738949,4.210973452,0,2.651731259,10.47724287,8.393115447,1.952269668,2.16273686,0
30811,2.280568342,13.41394671,18.70334098,3.914667766,17.51542923,1.206406758,0.574465275,0.44096223,0
26124,1.246813113,1.418908849,0.095868172,0.44103244,9.658441374,2.97328688,2.00759586,0.040502689,0.102847484
26376,0,0.877011322,0.756674587,0.338227909,7.528260178,0,0.417213583,0.048810505,0
26416,7.363094338,7.011199338,0,5.358451039,11.59105432,2.546238506,1.271368407,0,0
26409,1.949597165,1.906320513,0.16406237,0,1.834464039,2.172476564,2.505304531,0.144612785,0.10447591
27028,2.09749544,15.69050281,0.24035573,3.340578597,7.907220963,1.567529616,0.330172587,0,0
26850,0,3.704166973,0.290325224,1.149570726,10.94168538,1.160285439,0.382792155,0,0
26465,7.153904794,17.09044191,2.064147198,6.090057167,17.11260505,2.227158614,1.934117873,0,0
27217,0,0.991764534,0.020536094,0.8723358,4.202134544,1.168522436,2.062011073,0.046724479,0.092604334
27177,4.174597151,10.24127679,4.475343257,3.1556797,14.38942254,3.469379451,2.466390833,0.221701961,0
27025,19.8228139,21.63758588,9.383095137,7.165033323,11.06166577,1.859773218,2.545870586,0,0
26825,0.12694225,0.796856991,0.036987963,0.16371225,2.269585578,0.152899688,0.068397197,0,0.088580138
26852,0.147091185,0.553052054,0.035082686,0.823886293,2.087891278,0.763895187,2.405065643,0.054712528,0.190813347
27026,0,4.997799429,0,1.637762818,7.826025678,0.318951157,1.271285997,0,0
27338,19.70224256,15.49277669,6.028550065,4.870697333,21.1756988,1.015390711,1.691002033,0,0
27178,0,14.27449352,2.137652899,3.143234766,8.103919824,1.24235335,1.022670106,0,0
27034,2.542909746,8.109101781,1.748000093,1.762247538,6.714436979,1.143846807,0.059207142,0.03345625,0
27078,0.065678679,5.963647722,0.730198776,1.650704432,4.983388558,2.577629899,0.181430608,0.883463924,0
27036,2.974402597,4.192686723,0.194322289,1.506339263,2.926028263,4.556393716,0.505389641,0,0
27037,3.194896794,11.19511993,3.219379401,2.719008265,7.526650554,3.259673224,0,0,0
27329,1.104454568,4.211591696,0,1.280387245,5.21842366,0.406562885,0.078740509,0,0
27090,4.835018985,14.26111603,2.458276927,0.613433463,10.74492441,2.234937969,0.77666241,0,0
27216,0.347679407,14.33905824,14.31011911,7.014733013,6.926412613,4.534269074,2.17417798,0,0
27388,0.754806542,4.360284538,0,0.875722769,7.212978769,1.302876241,0.740100968,0,0
27228,6.270667609,14.16118429,10.06592465,2.073885439,12.97812368,0.464172005,1.120724837,0,0
27219,0.421495787,15.37039512,3.50961159,3.59840238,22.28421526,1.185355136,1.501763905,0,0
27339,0.869006864,2.36777503,0,0.547540909,1.673068055,0.485547562,0.197538514,0.03135282,0
27545,11.96069531,8.975572312,0.01308907,3.117169596,9.76249942,1.533791097,1.204833076,0,0
27327,6.42964823,9.162022984,4.361568341,2.919250549,7.820609221,0.613736113,1.036561003,0,0
27328,0.671691428,1.716752013,1.405676342,0.319461549,1.991937882,0.215236947,0.110974916,0.003226107,0
27697,0,3.062601277,2.076808866,1.872455051,9.261786895,1.425782608,0.664196504,0,0
27722,1.444030245,2.323795306,0,1.321747091,4.566542877,0.45617443,0.401719988,0,0
28392,1.103615008,8.792730612,0,2.506992696,8.588663547,5.456003929,0.062885683,0.295378828,0
27519,1.227820538,18.08219013,2.051589209,5.811877172,36.06773118,3.219549928,0.103080179,1.770743132,0.734882709
28123,0.240600529,9.342792719,0.32522067,2.173748899,26.01910674,3.929895218,1.493403873,0.024152074,0
27502,2.01691493,4.968176661,0.099898061,2.926970374,3.228350532,0.793547717,0.81605681,0.477887486,0
27765,0,0.408430519,0,0.550328294,2.448538199,0,0.487207467,0,0.284880205
27647,3.84022984,6.453597307,8.335766182,0.168256077,2.012515691,0.757922934,5.320660719,0.627282685,0.140733511
27503,0,0.511205154,0.188090667,0.206260746,0.358165743,0,0.366362002,0,0.073880744
27504,0,0.779662683,0.024353082,0.617123613,0.829743687,0,0.297151416,0,0.003642027
27795,0.063783447,0.991451299,0.246746608,0.572463933,0.579855948,0.129107247,0.346317007,0.005289209,0
27563,1.947603148,1.688640447,2.597783701,1.19813118,5.05091705,0.167063341,2.204111691,0,0
28125,0,1.459101669,0.084396905,0.553336218,1.813394617,0.292530648,0.831236569,0,0.011800612
30265,1.478429099,1.839420901,1.26246372,0.831764648,2.879774598,0,2.86776238,0,0.07782095
28124,0,0.209332663,0.176764739,0.564708524,1.34012972,0.096823089,0.068290023,0,0
28003,0,0.582821734,0.061473493,0.921689216,0.285296451,0.223587508,0.325874528,0,0
27721,0,1.377320638,0.137403471,1.487979685,2.11909087,0.321605787,0.802154713,0,0
27707,0,2.295035441,0.924138711,1.618503459,4.65085651,0.857917471,0.423455869,0,0
27792,0.186716315,1.740864005,0.552091266,0.444824923,3.394557056,0,1.192691115,0,0
27706,0.418886651,1.913603142,0.318150188,1.204057658,3.425636126,1.216889207,0.04745295,0,0.003932948
27784,0,0.789332372,0.217508614,0.711883576,1.130337629,0.508431531,0.129274513,0,0
28225,0,1.640204216,0.299542786,0.647445287,2.249227431,0.036532988,0.254236375,0,0.182809247
28126,0.263408754,0.605678656,0.093568593,0.43480159,3.013586999,0.568269145,0.271058836,0,0
28170,0,1.695954487,0.269317055,0.086589482,1.21956528,0.089209763,0.521531254,0,0
27723,0,1.257321641,0,0.301673478,0.964731362,1.124872122,0.744300069,0.138348239,0.032208659
27794,1.057845943,1.016203263,0.183438106,0.819292405,2.837921255,0.004379613,0.442314653,0.029227433,0
27981,0,1.498257382,0.124897061,1.661307461,1.544961125,1.603154719,0.404407608,0.040451893,0.209245011
28012,0,0.737534708,0.373560114,0.718230786,1.61588115,0.289275033,0.162336743,0,0.056380815
28312,0,1.278993654,0.788192503,0.714947265,2.080288336,0,0.655150661,0,0
28178,0,2.060411033,1.207795918,1.52542653,8.502082835,1.917454464,1.827679373,0.083605917,0
28171,1.976638694,5.147168543,0.104756079,0.500631667,2.553183675,0.087576563,2.755015338,0.83057894,0
28130,0,1.616084969,0.055791554,0.654166229,3.334703604,0.294073675,0.476586427,0.013402138,0.395243709
28131,0.11700794,1.113718182,0.143989291,0.569190618,2.307213788,0,0.809078037,0,0
28212,0,2.066455687,2.389950019,1.324923577,6.020546127,0.627122745,1.182031516,0.000492314,0
28382,0.241941406,0.542731578,0.053338451,0.098637301,0.243787598,0.009443233,0.49403927,0.018027801,0
28325,0,1.328245382,1.108119811,0.615054454,5.177544604,0.809542139,0.812463127,0,0
28494,0,1.641246919,0.503258941,0.969699737,2.455530228,0.001364703,0.298270466,0,0.094521874
28224,0.194712428,2.923093128,0.397279499,1.820540471,5.229414085,0.889907194,0.363312727,0.112333566,0
28226,0,1.060279584,0.050984489,0.466587596,3.103759865,0.000963938,0.931411643,0,0.010433102
28278,0.799843954,2.461018436,0.932579401,1.659353061,4.742581452,0.149396374,0.894692355,0,0
29759,1.244731146,2.105222174,0.844261043,1.162094194,6.204355589,0,3.629677193,0,0.035538734
28391,0.211696636,5.763121981,0.650955213,1.785356268,17.99856291,0.297770963,0.13924816,0,0
28374,0.254308896,2.313588705,0.714950512,0.592246861,3.437831095,0.073884644,0.06034764,0.033709872,0.586991221
28381,0.11217737,1.795202832,0.567706524,1.286201385,6.99554204,0,1.326700209,0.068769173,0
28324,0,1.95657525,0,0.719376271,1.12724605,0.018031058,0.733306923,0,0.038414995
28326,0.302954032,1.384074144,0.563192037,0.571572031,3.36106028,0.030464436,0.265302541,0.087562663,0
30321,0.052552892,1.302216015,0.176671991,0.3813506,2.121716878,0.022681865,0.659433276,0,0.024169852
29147,0.538140552,2.646989087,0.753113694,0.649084212,4.889149013,0.039927896,1.043333624,0,0
30083,0,0.91169915,0.604859,0.504320118,2.308024107,0.767848473,0.566706486,0,0
28666,0.407978516,3.001752728,0.300852506,1.404967407,2.735389312,0.074664622,0.742590375,0,0
28667,3.677704757,5.67910688,0.29258955,2.13497003,8.355102924,0.168238464,2.104080648,0,0
28384,1.220208967,3.997191818,0.988948153,1.990915818,10.00607881,0.066843977,1.117230432,0,0
31978,10.01446983,8.629937413,1.86148041,1.744638977,8.476090509,0,0.721925172,0,0
30082,0,6.597204879,2.639956441,1.530276746,15.04171194,0.116761859,0.064221928,0,0
28665,1.62614605,1.794314976,0.339762281,0.718660079,3.591264023,0.05573565,0.194310049,0,0
29999,0.160780071,0.640624607,0.248735037,0.349071314,3.868954491,2.870976459,0.543976162,0,0.085676032
34122,10.57584557,2.903625694,1.129398491,1.591100661,2.282337215,0,0.306912113,0,0
28380,0.360349841,2.115534434,0.51960391,0.46051936,9.435572232,0.453553765,0.048203062,0.412136752,0
29148,0.441630939,4.938285469,0.993887377,1.115033243,7.984128851,0.054892366,1.0336174,0,0
28495,4.322007091,5.377609444,0.467758904,1.830859276,3.609880258,0.053503449,0.882780624,0,0
28430,0.687140489,2.55471871,0.894695803,2.399295934,3.535110566,0,0.906414422,0,0
28668,0.950269599,3.237649614,1.070547216,0.481717945,5.346691134,0,0.069215648,0,0
28422,0,4.622357236,2.146581659,1.371435055,2.626777431,0,0.885433026,0,0.083097075
28427,2.399715458,2.606784753,0.989761885,1.315694511,10.49265056,0,0.831326334,0,0
28428,0,3.79351541,0.076863996,1.153632424,1.838492421,0.609375462,1.581090096,0,0.127115174
28421,1.10903776,4.188001243,0.233612865,0.429995668,8.925846946,0.012715478,2.765917691,0.292026985,0
30425,0,5.563440057,0.710766197,1.379892515,5.151197887,1.213185968,1.689179869,0.329789334,0
28590,0.40764243,2.181795275,0.700844712,1.459009458,4.321530282,0.057304258,1.465013206,0.121302626,0
29149,0,3.749028995,0.151673218,1.097286912,4.394069197,0.157380308,1.584247118,0,0.315114454
30251,0,2.815444941,0.221911727,0.843592094,3.72229766,0,0.679971405,0.08993396,0
30431,0.37469595,2.441547359,0.454370847,0.586176918,11.28768181,0,1.032822519,0.099622747,0
30222,0,7.715657571,1.457995817,2.125781004,3.626364721,0,1.286549134,0.541379435,0
30159,2.104368729,10.32752791,2.81713777,1.710493303,15.19010982,0,2.388485211,0,0
30497,0.756749924,2.972353693,0.426730073,1.935211064,5.033730212,0,3.083326454,0,0.398163122
28496,0.541776403,0.521203502,0.310920881,0.327273248,1.389242075,0.843280301,0.254795929,0.546955842,0.153608547
28497,0.163155444,9.325736618,2.839141342,1.085630997,11.44934871,0.106255561,1.353597437,1.034070188,0
28638,2.320751735,2.260052258,0.187598117,0.596387414,8.404319337,0.061782237,2.206788958,0,0.101433838
29146,0,4.116900672,0.352937755,1.362980946,6.222000437,0,0.213574993,0,0
30252,1.231550004,9.293345556,0.774463441,3.234800786,9.197758026,0.026976053,0.702796181,0.009652579,0
30498,15.0869844,10.93276155,6.655663883,1.444825326,16.80173685,0.294321771,2.897899559,0.495346901,0
30487,2.240826883,8.498873996,0.586349021,1.263388968,13.04965745,0.019930793,1.595129294,0,0
30221,6.164067157,8.664233497,1.339236676,4.641591293,9.441148497,0.378162609,1.079348692,0,0
30032,0.428885816,2.263760185,0.82704246,0.964705292,4.017001512,0,1.216186609,0.158598624,0
29761,0,5.327153383,0.107643589,1.072350933,20.35980681,1.205088193,1.058305674,0.217564969,0
30011,1.319524675,2.714995423,0.010527322,0.61053186,3.739087707,0.199791292,2.97060838,0.295798229,0.049362628
29766,1.753266351,7.353754579,2.294831813,0.297119748,2.509178905,0.278045635,2.414857584,0,0.016174327
30635,1.133166682,3.020796799,0.530416053,1.066304476,5.963410742,0,0.721971591,3.802189219,0
30000,0,3.711713004,0.044979447,1.243321484,3.412554127,0,3.587927551,0,0.211152226
30500,0,2.444304054,0.115274444,1.381222346,5.159206351,0,1.164011189,0.19651629,0
30080,1.199846816,5.036358394,0.193065599,0.60336999,1.574151926,0.078979641,0.887007507,0,0
30009,0.297690584,2.348369676,0.317678315,0.462886775,2.440638673,0.401825058,0.51129517,0,0
30490,1.136714151,1.648859646,0.751249961,0.374565364,8.728720073,0,0.300561957,0,0
30311,0.147670238,1.858744962,0.461588542,0.057033164,9.169240946,0,0.213711644,0,0
30078,1.463597172,4.68419755,0.692789088,0.611215545,3.863467831,0,1.126524924,0,0
30081,2.494174997,1.621996528,0.04366799,0.526280327,8.788933324,0.012816642,1.938321536,0.044973896,0
30220,0.613672738,5.105488263,2.4942604,2.632744526,7.000997311,3.067739906,8.066678887,0,0
30310,2.601115508,4.324724207,0.901381912,0.625377747,17.11673624,0,5.49168327,0.182197399,0
30248,0.538839993,3.591532609,0.355939097,0.847249408,5.788758878,0,0.713746055,0.042306157,0
30313,0.51204967,10.34954052,0.325836962,0.773801199,14.20360563,0,2.529979368,0,0.026755165
31037,1.099855236,6.808234027,0.568983918,1.175206415,9.645459501,0.039568192,1.354955404,0.440388781,0
30253,0.12904602,1.538399695,0.019531987,0.308757825,1.648172397,0,3.628295864,0,0
30896,0.669707415,5.262764395,0.188898763,0.75214701,4.055678168,0,0.844166153,0,0
30254,0.061362283,1.151066808,0.147927522,0.333303368,1.138353817,0.022078885,1.207667842,0.180626297,0
30606,0.511149045,1.433885217,0.257755725,0.324094836,7.536100751,0,0.252342837,0,0
30309,0,2.138784875,0.003564242,0.490147473,2.498507363,0.070982347,1.264662954,0.031361035,0
30607,1.150023124,2.990196935,1.535451952,0.054597356,1.464447404,0.300104309,0.509845264,0,0
30250,1.197375196,8.587760935,0.484409857,0,11.23983208,0,2.571119097,0.275558842,0
30784,0.42805689,0.916788436,0.054154894,0.418137517,2.715170236,0.019888772,0.237811991,0.009390212,0
30504,0.753385898,2.895609828,0.051113083,0.434902069,1.944535434,0.064089623,2.056469636,0,0
30491,28.23365546,0,0,4.671195731,14.32030504,0,0.27426241,0,0
30809,5.528018791,0,0.411225501,1.282242082,0.825582669,0,0,0.029215432,0
30426,0.272577979,1.004329152,0.304543197,0.962088416,2.350618259,0,0.101547385,0.126079763,0
30505,0,2.071035705,0.004496509,0.597300606,1.473919865,0.019227747,1.244386447,0,0.352692554
31043,0.628226252,5.63988916,1.477961356,0.895669173,10.70926569,1.625029868,9.401756777,1.935653373,0
30519,0.909783274,3.683833989,0.092034141,0.502636439,9.003533451,0,1.284549174,0.024182701,0
30489,1.117636504,5.666769488,3.07533661,0.42655729,7.341832589,0,1.374717638,0,0
30492,0.969838358,3.522998045,0.053698075,1.54360821,3.83179388,0.016132951,0.969948366,0,0
30488,1.382463382,4.977672485,0.591989517,0.643817199,3.024032823,0,0.239875686,0,0
30616,0,0.628917514,0.329316755,0.034104063,3.668855969,0,0.071216191,0,0.017149068
31189,0,2.354681678,0.01046522,0.030498954,0.627846675,0.0016028,0.458867495,0,0.112308333
30608,0,1.132736545,0.07156279,0.081550234,1.117851147,0,1.502527478,0,0.070725737
30609,0,0.640067769,0.171678267,0.164472085,1.536348431,0.011708227,0.056628328,0.0257186,0
31031,0,0.855988746,0.236630551,0.329459452,2.907605627,0,0,0.180328836,0.355242462
30895,0,1.253168579,0,0.818291778,0.965821672,0,1.134863951,0.038389366,0.065250629
30810,0,0.414196116,0.162576714,0.09204834,0.718692658,0.000878757,0.512619366,0.048190092,0
31185,0.187713092,2.022299496,0.051945767,0.757644325,2.978952619,0.006346553,0.347972793,0.004711685,0.016076609
30807,0,0.623560074,0.148055284,0.230875707,1.554685457,0.001696533,0.676759467,0,0.041597364
30821,0,0.274657659,0.122766847,0.085995314,1.32785209,0.005497204,0,0.001611302,0.126018268
31190,0,0.424542949,0.257502439,0.219104218,1.26394342,0.012082467,0.044272274,0,0.233941795
32354,0.122825231,0.360449204,0.011449558,0.128963992,1.797684429,0,1.525898417,0.014210663,0.069307832
30897,0,0.541268545,0,0,4.091461396,0.038366643,0.656652401,0.054422027,0.041759395
30822,0,0.40391965,0.115604751,0.38074087,1.501400158,0.029758714,0.750996679,0.085852854,0.183613592
30902,0.100931998,0.928963926,0,0.173296718,1.012811317,0.021773838,0.636961198,0,0.13105399
31982,0,0.521776213,0.087382371,0.462611551,2.567606733,0.007076749,0.2882971,0,0.028840864
31030,0.112629559,0.361555894,0.187896418,0.166728568,1.771612863,0,0.684358057,0.057088892,0.262816035
31034,0,1.588536101,0,0.282099708,0.611443946,0,0.82236993,0,0.045500985
31191,2.647755288,5.839018099,0.839302541,1.211928346,11.51819384,0,7.563332351,0.124081756,0
31369,0,5.062869003,0.295865842,0.791689088,3.784007935,0.186214351,1.477210601,0.521504534,0
31370,0.54581704,4.388547998,0.251722063,0.906758856,2.97840563,0.053736169,1.006750986,0,0.13564001
31870,3.139750181,12.75944535,0.200521292,2.209403196,8.692160242,0.092744747,0.313068257,0,0
31042,0,5.348848073,0.148388949,0.80526318,11.00408131,0,1.157529312,0,0
31518,3.04893357,16.01385753,7.985925602,1.783193749,9.048959572,2.560737342,1.368856338,0,0
31095,2.871738497,5.365011125,0.43572426,0.623049945,13.14572537,0,4.377939236,2.506806474,0
31183,4.575877935,16.35006483,2.045087787,1.974371758,9.484499229,0.224181789,6.949895793,0.140196649,0
31184,1.133450458,2.226565356,0.572792138,1.087959056,3.875074603,0,0.545892905,0,0
31194,0,5.964093873,0.283826474,1.324366068,14.03354864,0.746390402,5.107983001,0,0.099710117
31509,3.322430381,16.35502544,2.674315533,2.019901029,14.15157838,0.364028731,6.125971399,0.051127705,0
32033,2.353691911,2.642869668,1.209832492,1.114702457,9.812744874,0.056585849,4.640840223,0,0.476612112
32395,1.752648692,14.89134949,1.070721599,0.473498586,9.869343049,0.209017485,5.531743187,0.719423227,0
31979,2.433376517,8.921684513,1.462130536,1.597254891,12.10592727,0.580603942,0.768010535,0,0
32274,10.27368672,5.822389239,0.663765873,2.19812403,10.29848451,0.709489934,1.012635321,0.519758019,0
32353,1.3716594,5.914253722,0.622660729,0.371091183,4.529590204,0.357056458,1.749241824,0,0
31869,11.84527936,5.177315708,2.121416857,3.499264728,4.416278707,0,2.42464319,0,0
32034,0.434504211,1.372253537,0.171717736,0.544823434,6.371172943,0.08176823,5.225716987,0,0.355599732
31980,0,6.059956825,0.207819916,1.655010506,2.686221699,0.058243166,1.865756505,0.015520694,0.095447874
33373,0.173871829,2.959089033,0.763252848,0.892033161,2.917989841,0.008213325,1.235479741,0,0
31911,0.640442996,0.57858604,0.396875188,0.794553352,1.89330445,0.128746727,0.521206494,0,0
32557,13.06217805,7.008660143,3.789297867,1.348566885,7.928463491,0,0.666228951,0,0
31981,16.66164282,26.25891463,1.755286515,10.18052001,59.98473335,0.330524557,3.52186378,4.484119875,0
31923,2.026183197,1.553169616,0.669991149,0.855298643,2.733732935,0.033076598,0.758356966,0,0
32015,0,1.647243981,0.404395472,0.579864338,1.801747532,0,1.492088604,0,0
32559,2.210015442,8.351722049,3.941039477,1.351493922,16.96862386,0.571839376,1.52237285,0,0
32337,2.65057943,9.404646485,2.002041389,1.062130438,10.16350535,0,0.884828049,0,0
32558,0,0.965669008,0.002201174,0.313890401,2.798647766,0.018780676,1.079041716,0,0
32571,0.832525414,1.365286747,0.422487973,0.886358708,5.583463172,0,0.586778295,0,0
32277,1.182401024,6.331850128,0.566735261,0.914377291,5.644232569,0.202510494,0.403650079,0,0
32654,0.48859496,0.524730973,0,0.273464935,0.987644556,0.099388086,1.215632457,0.064178433,0
32350,0,4.397200766,0.35482542,0.172649795,2.943303355,0.028561971,2.768535419,0,0.046147788
32572,0,4.434963901,0.07814009,1.777634341,8.638348262,0.300416691,0.910720905,0.046410154,0
32397,0.791390933,1.325999021,0.518020557,1.713784695,5.69650549,0.079665848,0.800439106,0,0
32667,0.948950784,1.914867336,0.021728125,1.388352103,6.262655039,0.027231643,0.78361936,0,0
32959,0,1.204575493,0.334681172,0.905329141,2.521390827,0,1.325778058,0.013564497,0
32573,2.064713082,4.119648085,1.984519974,1.554597249,7.894572133,0.373765375,3.698617716,0,0
32973,0.622508468,5.5748032,0.61987749,2.143641232,16.24366658,0,1.694770717,0.442341388,0
32960,1.656448161,6.562761721,0.543401595,1.771568932,12.98379939,0.543491014,2.984400508,0.040279569,0.337814925
32398,2.403978034,14.74052678,3.765025861,2.725124666,19.89623966,0.15458075,0.596152549,0,0
32408,1.596383991,3.610263077,1.211400644,3.972139949,5.020496419,0.277348374,1.542356199,0,0
32656,2.715858517,6.51277622,2.04552477,1.623360692,12.39010856,0,0.542500147,0,0
33389,14.15751611,7.467781532,4.568689594,1.44685607,10.70811028,1.45281669,0.910427662,0,0
33033,1.614302393,9.387567851,0.463595659,2.01502089,9.450346928,2.303160453,0.878620483,0.013230555,0
33201,3.746485198,3.655263965,1.375440841,1.096771312,9.100770697,0.35629158,0.460299221,0,0
32897,1.49206069,6.331419495,1.252661682,1.072149563,9.378289177,0,0.939822925,0,0
33083,1.794143333,4.72901144,1.254828245,0.053253894,8.119041696,0.134622532,2.695974757,0,0
36717,1.202297545,2.554357162,0.46330911,0.757375099,5.508340138,0.190143093,0.453451224,0,0
33034,0.380868773,3.25587748,1.237779887,0.822416456,3.371864359,0,0.678525169,0.015270481,0
33154,3.505339194,9.873377255,3.285545797,4.103783682,18.45834776,0.986940829,4.13627883,0,0.080882889
32971,1.826374572,7.248141731,1.752308466,1.091453524,12.95349538,0.268320343,1.744167916,0,0
33155,0.257405687,5.395125398,0.551180593,2.911264846,13.71876171,0,1.88111216,0.083499996,0
32972,1.078893297,2.145013964,1.565741563,0.418545166,3.748854248,0.641968201,1.125592666,0.082046072,0.047140808
33127,1.041644347,2.416216867,0.77227626,0.226639569,2.37312147,0.869283869,0.423884666,0,0
33129,0.904263311,2.708440665,2.526981864,0.68957009,6.206249546,0,0.484713265,0.021288443,0
33375,0.37875389,2.034548499,1.307548936,0.223593831,2.00650348,0.604732743,0.610164789,0,0
33987,0.626741034,1.474100859,0.502534209,0.52720781,2.326363141,0.742432991,0.758046118,0.055874241,0
33374,5.121152705,7.640875935,2.542575518,4.642348776,5.10606919,11.96745185,4.160689294,0.462316475,0
33387,1.666927434,19.74527949,9.309295031,3.779413918,21.33574335,3.432939787,0.26433823,0.30880498,0.078947156
33532,0.432507295,1.318375156,0.423793452,0.311022484,6.594717834,0.460808457,0.487075148,0,0
34211,0.521102905,0.968410551,2.151738543,0.196645551,1.708943476,0,0.317721858,0,0
33388,0,1.245057529,0.980963321,0.245991195,5.777611049,0.357965776,0.177904086,0,0
33480,1.68183901,4.182978021,4.188367714,0.689001267,3.755970486,0.392843154,0.093110897,2.12718642,0
33546,0.629728087,1.870832731,1.086447604,0.809387819,10.74746893,2.818727001,0.720366904,0,0
34121,6.819186636,14.12770299,2.018954422,4.566617893,15.53592693,0.451736916,2.13042731,0,0
33988,0.267163194,3.911384764,1.653563649,0.840747919,1.112909386,1.200026083,2.01393415,0.023632689,0
33740,0.295690161,2.02887802,2.269463514,0.273423785,1.670436916,0.584927935,0.156010524,0.023780309,0.007883991
34071,0,2.050541797,1.258088577,0.040350313,1.175673085,0.125173752,0.131043269,0.033709732,0
33764,1.644503473,4.442995956,1.530015744,1.03501004,6.402630343,3.429801002,1.451185726,0,0.104241612
34252,0.750084245,4.215075212,1.037107978,2.092005849,22.287966,2.488690872,1.984782186,0,0
34162,0,6.955873816,0.456844467,3.501481015,6.852765059,3.302684827,1.499710671,0.243248482,0.072174887
34115,0.49984081,3.532935684,4.600477583,0.556691424,4.251783702,0.366496033,3.595326972,0,0
34215,0.475183398,1.569088345,0.168407305,0.989925455,1.322913947,0.46689449,0.236398655,0,0
34117,0.032109025,1.111238144,0.07310441,0.032824978,1.481742901,0,0.035032377,0.01786092,0
34161,0.261416986,1.952711694,0.419404776,0.618295916,2.654077853,0.130100673,0.187083521,0.024524147,0
34118,0.519038679,1.87263936,1.007865528,0.084864321,5.207246034,0.746715127,1.531576171,0,0.012470833
34159,6.163442321,9.885780178,1.165906135,2.490997383,13.25879284,5.501978067,2.431837232,0,0
34120,1.452312731,5.04767682,0.483576385,1.531970524,9.722602377,0.435016551,1.530320556,0.181671864,0
35337,1.894569749,8.177247301,9.032945904,2.05049633,4.695178473,0.749966871,3.948935433,0,0
35258,0.403855011,0.339996194,0.064098614,0.295619492,0.490092934,0.157259983,0.024570513,0,0
34288,0.425976468,1.779417116,0.704977199,0.311233501,13.49598376,1.954944887,1.68512363,0.173126451,0
34332,1.672379804,7.356059936,2.404984414,1.950342164,16.83528401,1.917279044,4.750802343,0.91240517,0
36037,2.155019793,14.85312419,2.679618858,2.489046053,21.14501368,1.82617625,1.239301883,0.237175648,0
34491,1.271721972,2.606448412,3.054719865,0.533183031,3.123919401,0.092930693,1.02374145,0,0
35289,0.121133744,3.48438467,0.809704845,0.432746693,10.05721811,2.410612462,1.490759766,0.226328424,0
36749,1.209145348,4.602625611,2.499314197,0.699560515,2.403078028,1.349546909,0.47343053,0,0
35234,0.625423742,4.088599006,0.145632029,0.392885924,1.811542135,0.837062565,1.097945424,0.096895746,0.00656548
36063,0.709325973,3.253570892,2.222382554,0.694847615,1.352702602,0.625913255,0.216099147,0.312004639,0
35260,0.32474629,0.82247741,0.568309292,0.221557825,0.632843509,0.217037687,0.202407918,0.038557535,0
35290,1.697936718,6.920936254,5.017484101,0.5914756,9.236975365,0.965972477,1.674400732,1.760645104,0
36062,2.401095063,6.143369088,1.279994727,1.9366063,8.117266771,0.491047778,0.696936946,0,0
34708,0.37467966,0.886795235,0.235592559,0.572014141,1.093729071,0.36927826,0.302502575,0,0
35336,2.658842999,5.413968544,2.079434084,0.678305057,7.335461837,2.233742398,2.375848313,0.133452456,0
37077,0.346294073,3.448307332,0.151352584,0.595695144,3.941674298,0.187572709,1.504302415,0.031007466,0
36718,4.070630549,8.938262759,2.454950869,3.485884489,20.14853954,0,2.072706887,0.196947721,0
36684,2.357611193,3.957563157,1.519627764,1.108523708,2.689808357,0.88839286,0.697152266,0,0
36621,1.309106149,1.203523636,0.997322232,0.634445287,6.095266574,0,0.254364063,0.095391156,0
36622,2.418400097,11.57370225,7.182025745,0.193829697,22.96192531,0.118983695,1.715542521,0.170647734,0
37013,0,5.82244941,3.50551631,1.369549978,35.58662185,0,1.187157726,0,0
36509,0.325867259,3.870678549,0.065243182,0.719256959,9.486773285,1.515069887,0.317933585,0.112255887,0
36068,0.76998079,3.240263278,0.48165448,0.570396267,4.129236556,0.283248909,0.935636527,0,0
36067,0.168328826,1.965072913,2.036805627,0.617607769,3.251847551,0.466575843,0.424770002,0,0
36700,0.445957088,0.736594041,0.508222687,0.43095277,5.912926125,0,0.160191389,0,0
37078,1.996499818,6.494841773,1.190804687,1.253253781,3.655651534,0.229699192,0.783496554,0,0
36065,0.747632548,1.202693714,1.495140575,0,1.192520693,0.950020468,0.838103216,0.25676937,0.062967764
37093,0,9.978874878,7.273569014,2.607634177,14.29237003,1.741800042,5.10662605,1.118588042,0
36069,1.490224748,3.579827164,1.086959606,0.613324753,5.07118842,0.741743649,0.021096923,0,0
36748,2.135836076,9.517102516,4.387642924,2.332385261,12.88664495,1.040787714,2.285903749,0.593319176,0
36686,2.764009237,2.820524362,1.869792714,0,9.823239239,0,1.745688534,0.352631358,0
37311,0.61302569,1.68998589,0.690697021,0.592715949,4.750614473,0.230676764,0.163642273,0.008678111,0
37076,0.454276062,4.977419023,1.675716742,1.469185317,7.080330069,2.390743201,0.673557324,0.143644745,0
36701,0,1.130680778,0.063110745,0.509839527,2.758330099,1.775607329,0.723234101,0.318914382,0
36750,4.655307898,1.706538089,0.143524831,0.80192492,9.088106884,0.406794836,0.392311128,0,0
37312,0.513832352,3.144629664,0.724347583,1.126396957,8.002351442,3.27632975,1.557984131,0.152946156,0
36962,1.324165839,1.12567416,0.528883057,0.064823672,5.586762076,0.244443139,1.17609696,0,0.31608137
37080,2.741733145,5.041752887,1.47218525,0.868230277,7.044973283,1.826536746,0.331704839,0.52140767,0.30997393
37146,2.089446089,4.849822172,0.794565877,1.427618527,4.58523129,0.703050323,0.666941681,0.164211109,0
36963,0.395564513,0.888035804,0.76047249,0.083147905,2.431530338,0.395696069,0,0.012830877,0
37026,2.611054771,9.068277055,0.911551705,1.126223613,11.57707942,0.103630103,0.780885509,0,0
37095,0,2.405227444,0,0.55817491,6.849135481,1.935586254,0.136905908,0.95631961,0
37025,0.309746587,4.025683155,1.048089627,0.920558728,6.030662552,0.47043469,0.835394004,0,0
37249,1.341414028,0.838819643,0.928845228,0.160022908,7.908910184,1.714793198,2.888904254,0.020186986,0.284975482
37027,0.50142313,1.823688564,0.193058964,0.65684761,7.439861566,0.331990472,0.467738146,0,0
37619,0.192778327,2.875544882,3.017908108,0.150027158,6.061474638,0.039789739,0.085234097,0.082915451,0
37155,2.532829066,5.566957064,1.538873538,1.374547507,5.580778275,0.539555722,0.54393534,0,0
37719,0.222504884,1.445650569,0.98783684,0.184224957,3.026033313,0.789745008,0.519890891,0,0.192105374
37097,0.40580053,2.919415922,2.6957873,0.598551332,6.52515411,0.956646341,0.44121486,0.023318266,0
38506,0.178019375,4.149241365,0.95169407,0.763738661,4.047132835,1.463892506,0.488295014,0.085436986,0
37365,0.554918685,2.324546973,1.195311747,0.625587652,2.771776351,0.443918231,0.162232231,0.127525264,0
38501,0.837297723,3.121935963,0.34439206,0.712130866,6.9365205,0.94603621,0.376696134,0.241863669,0
37145,4.376987348,2.669545761,0.263314511,1.373265472,6.11971047,0.296162333,1.459807597,0,0.071330003
38060,1.291044383,2.365199438,0.109343018,0.578967864,3.205077553,0.190741589,0,0.033022454,0.038265474
37620,2.177532862,8.968658664,2.95108241,2.553003752,22.25856369,0,0.568306654,0,0
37297,1.605569868,5.772996584,0.879007119,1.29916246,10.79053531,0.069086766,0.590762587,0.139737156,0
37916,0.803825535,2.193270302,1.183277373,0.217098295,7.333704029,0.850105495,0.533007315,0.026116367,0.008679357
37643,1.387397024,2.111906914,1.000856393,0.958443526,7.812884909,0,0.011609167,0,0
37917,4.32424375,8.285776434,0.659397317,0.447458072,14.34188637,3.134641462,2.615472669,0.735552081,0.157858639
37717,0.49611396,2.44401096,0.499870605,0.882262773,3.946550552,0.080627607,2.082473954,0,0.343601376
37716,0.0588197,0,0.166143362,0.062969569,0.575173158,0.019394178,0.017524401,0,0
37918,0.1532679,1.128161199,0.210418055,0.134290812,0.794392344,0.027553407,0.378820999,0,0
38261,0,0.17140822,0.09223928,0.014200187,0.46513656,0.013373767,0.423420114,0,0.022576412
37718,0.16384111,0.864529404,0.75940525,0.203300342,1.034565234,0.0974146,0,0,0
37720,0.578150303,0.104987131,0.348362535,0.060575381,0.809794798,0.110735538,0,0,0
37828,0.438268701,2.188822445,0.155600983,0.868171455,2.68429829,0.302134443,0,0.083538226,0
37842,0,2.21418807,0.105180089,0.133615294,4.070606621,0.323089135,0.985474644,0,0
38705,0.144305659,0.457169891,0.281717228,0.173814285,1.028170202,0.589837247,0.10286261,0.013812145,0
37862,0.822105439,2.657129935,0.303722735,0.527158359,6.299749551,0.176719533,0,0,0
37844,1.048529927,1.982010072,0.219969839,0.650457471,5.786641059,0.344415151,0.107903918,0,0
37919,0.748484941,1.340527906,0.173177315,0.501341483,2.017825302,0.023756709,0.611452975,0.024559691,0
38250,0,0.602940718,0.033985482,0.238107416,1.283983425,0.049046746,0.234273497,0.012714012,0.010432931
37845,0,0.661632229,0.178082409,0.121909939,1.189935078,0,0.738166937,0,0.065457575
38063,0,1.77517022,1.241599335,0.145261241,3.38221915,1.359352873,0.032079035,0,0
37967,0.314485526,0.986542422,0.258510751,0.323976527,2.707121663,0.461149596,0.041858156,0,0
37970,0.61206558,1.606874281,0.24043214,0.195138665,2.2431723,1.552445706,0.6118178,0,0
38575,0,0.010438104,0.331172201,0.102196602,0.400608859,0.290608384,0.054047994,0,0.022031153
38013,0,0.593175676,0.393392252,0.130167238,2.264692186,0,0.042549592,0,0
38077,0.235198936,0.57641267,0.145037343,0.327721832,2.929212197,0.011405259,0.095098809,0,0
38887,0.030554064,0.117024869,0.043887771,0.088512319,0.195802578,0.08663248,0,0,0
38507,0.480913734,0.568030668,0.112389449,0.195121279,1.244155096,0.202639831,0,0,0
38231,0,1.123328322,0.087777303,1.451221094,3.959002494,0.025762627,0.288563301,0,0
38119,0,1.142542109,0.287420808,0.134003581,0.65541781,0.338757458,0.523444672,0,0.040438303
38228,0.229046042,0.486419077,0.163741729,0.172958276,1.11233698,0.145880545,0.010815031,0,0
38120,0.627576321,0.504530194,0.777095599,0.233766463,1.450169846,0.426722357,0.059637753,0,0
38792,0,1.364284643,0,0.640221983,0.734008753,0,0.447916135,0,0.087500794
38357,1.559855823,3.191000038,2.581459111,0.732406638,7.182549384,0,0.223394087,0,0
38601,0.282750774,4.073615955,0.542725553,0.60848933,6.27393843,1.134151258,0,0,0
38744,0.094758577,0.052238392,0.438430982,0.115978304,0.958111783,0,0.072662798,0,0
38569,0.374468847,0.473653116,0.006675138,0.353812159,0.799019831,0.321112469,0.917147676,0,0.025288718
38453,0.775778244,0.709465434,1.193503533,0.999253938,4.141406217,3.244665318,0.101619204,0.315126848,0
38674,0.675213809,0.86166245,0.429009542,0.062493699,0.280824129,0.171240515,0.906611602,0,0
38537,0.46980237,4.337192768,0.631487077,0.450821264,2.239325986,0.378706081,0.49991961,0.128794488,0
38505,2.696625947,8.78483531,2.809009337,1.331687087,11.8313958,0.29088994,1.381931089,0,0
38675,0.716446115,6.702988881,3.302324694,0.392697282,3.743864764,0.296791967,2.075515391,0,0
38536,0.580895394,1.115563336,0,0.34455875,1.311870167,0.154608404,0.474324951,0,0.025844542
38673,0.774053239,4.108496689,1.677754122,0.705525011,2.449042521,0.247655954,0.485224043,0,0
38574,1.702820999,3.945095473,0.252376218,0.540021817,2.60935273,0.15190625,3.447524277,0,0.09285706
38905,1.096742179,6.873034961,2.166035676,0.780806685,4.207561539,0.566373002,0.601672519,0,0
38706,0.457456171,4.326818611,0,0.805239672,4.54852226,0.703076519,2.044788223,0,0.089762737
38599,0.676092417,5.143612805,2.172177894,0.495368667,1.745340392,0.304714937,0.578271619,0.121599588,0
38726,2.747117468,5.93006474,1.761182058,1.368334433,3.341751597,0.565015404,3.329205081,0.081077242,0
38725,0.408970927,3.525091887,0,0.522462283,2.659409079,0.218245892,0.874085917,0,0
38947,0,0.78950616,0.001820101,0.15657994,1.216784894,0,0.360990511,0,0.015489286
38727,1.708932855,6.156752332,1.437164244,0.763760916,2.940659971,0.233011176,0.723547272,0,0
38759,1.549015556,3.000092869,2.103200103,1.384050495,2.486806518,0,0.32878502,0,0
38850,1.934812893,6.857405617,0.757237011,0.763169503,5.554202458,0.246708475,0.884981091,0,0
39044,1.530157349,3.604639636,0.134152762,0.537242846,1.422543665,0.017814778,1.905447977,0,0.195578103